{
  "total_records": 227,
  "unique_gantries": 227,
  "avg_transit_ratio": 0.9373894649168798,
  "avg_od_ratio": 0.06261053508312016,
  "transit_ratio_stats": {
    "mean": 0.9373894649168798,
    "median": 0.9902439024390244,
    "std": 0.10724360449662046,
    "min": 0.34955312810327704,
    "max": 1.0,
    "q25": 0.9280530006374648,
    "q75": 0.998535950199857
  },
  "gantry_function_classification": {
    "function_distribution": {
      "通道型": 201,
      "混合型": 24,
      "起止型": 2
    },
    "gantry_details": [
      {
        "gantry_code": "G000551002000110010",
        "transit_ratio": 0.5703703703703704,
        "od_ratio": 0.42962962962962964,
        "total_flow": 405,
        "function_type": "混合型"
      },
      {
        "gantry_code": "G000551002000210010",
        "transit_ratio": 0.9671814671814671,
        "od_ratio": 0.032818532818532815,
        "total_flow": 518,
        "function_type": "通道型"
      },
      {
        "gantry_code": "G000551002000220010",
        "transit_ratio": 0.9826589595375722,
        "od_ratio": 0.017341040462427744,
        "total_flow": 346,
        "function_type": "通道型"
      },
      {
        "gantry_code": "G000551002000310010",
        "transit_ratio": 0.9123222748815166,
        "od_ratio": 0.08767772511848342,
        "total_flow": 422,
        "function_type": "通道型"
      },
      {
        "gantry_code": "G000551002000320010",
        "transit_ratio": 1.0,
        "od_ratio": 0.0,
        "total_flow": 365,
        "function_type": "通道型"
      },
      {
        "gantry_code": "G000551003000110010",
        "transit_ratio": 1.0,
        "od_ratio": 0.0,
        "total_flow": 409,
        "function_type": "通道型"
      },
      {
        "gantry_code": "G000551003000120010",
        "transit_ratio": 0.9946380697050938,
        "od_ratio": 0.005361930294906166,
        "total_flow": 373,
        "function_type": "通道型"
      },
      {
        "gantry_code": "G000551003000210010",
        "transit_ratio": 1.0,
        "od_ratio": 0.0,
        "total_flow": 399,
        "function_type": "通道型"
      },
      {
        "gantry_code": "G000551003000220010",
        "transit_ratio": 1.0,
        "od_ratio": 0.0,
        "total_flow": 377,
        "function_type": "通道型"
      },
      {
        "gantry_code": "G000551003000310010",
        "transit_ratio": 1.0,
        "od_ratio": 0.0,
        "total_flow": 448,
        "function_type": "通道型"
      },
      {
        "gantry_code": "G000551003000320010",
        "transit_ratio": 1.0,
        "od_ratio": 0.0,
        "total_flow": 357,
        "function_type": "通道型"
      },
      {
        "gantry_code": "G000551003000410010",
        "transit_ratio": 0.9979757085020243,
        "od_ratio": 0.0020242914979757085,
        "total_flow": 494,
        "function_type": "通道型"
      },
      {
        "gantry_code": "G000551003000420010",
        "transit_ratio": 0.996078431372549,
        "od_ratio": 0.00392156862745098,
        "total_flow": 510,
        "function_type": "通道型"
      },
      {
        "gantry_code": "G000551003000510010",
        "transit_ratio": 1.0,
        "od_ratio": 0.0,
        "total_flow": 512,
        "function_type": "通道型"
      },
      {
        "gantry_code": "G000551003000520010",
        "transit_ratio": 0.9962962962962963,
        "od_ratio": 0.003703703703703704,
        "total_flow": 540,
        "function_type": "通道型"
      },
      {
        "gantry_code": "G000551003000610010",
        "transit_ratio": 0.998019801980198,
        "od_ratio": 0.0019801980198019802,
        "total_flow": 505,
        "function_type": "通道型"
      },
      {
        "gantry_code": "G000551003000620010",
        "transit_ratio": 1.0,
        "od_ratio": 0.0,
        "total_flow": 604,
        "function_type": "通道型"
      },
      {
        "gantry_code": "G000551003000710010",
        "transit_ratio": 1.0,
        "od_ratio": 0.0,
        "total_flow": 500,
        "function_type": "通道型"
      },
      {
        "gantry_code": "G000551003000720010",
        "transit_ratio": 0.9953125,
        "od_ratio": 0.0046875,
        "total_flow": 640,
        "function_type": "通道型"
      },
      {
        "gantry_code": "G000551003000810010",
        "transit_ratio": 1.0,
        "od_ratio": 0.0,
        "total_flow": 503,
        "function_type": "通道型"
      },
      {
        "gantry_code": "G000551003000820010",
        "transit_ratio": 0.9322834645669291,
        "od_ratio": 0.06771653543307087,
        "total_flow": 635,
        "function_type": "通道型"
      },
      {
        "gantry_code": "G000551003000910010",
        "transit_ratio": 0.8323809523809523,
        "od_ratio": 0.1676190476190476,
        "total_flow": 525,
        "function_type": "通道型"
      },
      {
        "gantry_code": "G000551003000920010",
        "transit_ratio": 0.9345509893455098,
        "od_ratio": 0.0654490106544901,
        "total_flow": 657,
        "function_type": "通道型"
      },
      {
        "gantry_code": "G000551003001010010",
        "transit_ratio": 0.994413407821229,
        "od_ratio": 0.00558659217877095,
        "total_flow": 537,
        "function_type": "通道型"
      },
      {
        "gantry_code": "G000551003001020010",
        "transit_ratio": 0.9986091794158554,
        "od_ratio": 0.0013908205841446453,
        "total_flow": 719,
        "function_type": "通道型"
      },
      {
        "gantry_code": "G000551003001110010",
        "transit_ratio": 0.9982142857142857,
        "od_ratio": 0.0017857142857142857,
        "total_flow": 560,
        "function_type": "通道型"
      },
      {
        "gantry_code": "G000551003001120010",
        "transit_ratio": 0.997289972899729,
        "od_ratio": 0.0027100271002710027,
        "total_flow": 738,
        "function_type": "通道型"
      },
      {
        "gantry_code": "G000551003001210010",
        "transit_ratio": 0.997872340425532,
        "od_ratio": 0.002127659574468085,
        "total_flow": 940,
        "function_type": "通道型"
      },
      {
        "gantry_code": "G000551003001220010",
        "transit_ratio": 0.9939024390243902,
        "od_ratio": 0.006097560975609756,
        "total_flow": 1148,
        "function_type": "通道型"
      },
      {
        "gantry_code": "G000551003001310010",
        "transit_ratio": 0.9668654738237243,
        "od_ratio": 0.03313452617627568,
        "total_flow": 1509,
        "function_type": "通道型"
      },
      {
        "gantry_code": "G000551003001320010",
        "transit_ratio": 0.8954361640670133,
        "od_ratio": 0.10456383593298671,
        "total_flow": 1731,
        "function_type": "通道型"
      },
      {
        "gantry_code": "G000551005000210010",
        "transit_ratio": 0.9972127593682255,
        "od_ratio": 0.002787240631774543,
        "total_flow": 3229,
        "function_type": "通道型"
      },
      {
        "gantry_code": "G000551005000220010",
        "transit_ratio": 0.9984627209838586,
        "od_ratio": 0.0015372790161414297,
        "total_flow": 3903,
        "function_type": "通道型"
      },
      {
        "gantry_code": "G000551005000310010",
        "transit_ratio": 0.9762004175365344,
        "od_ratio": 0.023799582463465554,
        "total_flow": 2395,
        "function_type": "通道型"
      },
      {
        "gantry_code": "G000551005000320010",
        "transit_ratio": 0.9537767756482526,
        "od_ratio": 0.046223224351747465,
        "total_flow": 2661,
        "function_type": "通道型"
      },
      {
        "gantry_code": "G000551005000410010",
        "transit_ratio": 0.7980958634274459,
        "od_ratio": 0.20190413657255418,
        "total_flow": 3046,
        "function_type": "混合型"
      },
      {
        "gantry_code": "G000551005000420010",
        "transit_ratio": 0.8930889652539137,
        "od_ratio": 0.10691103474608629,
        "total_flow": 2619,
        "function_type": "通道型"
      },
      {
        "gantry_code": "G000551005000510010",
        "transit_ratio": 0.9943571140669085,
        "od_ratio": 0.005642885933091495,
        "total_flow": 2481,
        "function_type": "通道型"
      },
      {
        "gantry_code": "G000551005000520010",
        "transit_ratio": 0.9959035047792444,
        "od_ratio": 0.004096495220755576,
        "total_flow": 2197,
        "function_type": "通道型"
      },
      {
        "gantry_code": "G000551005000610010",
        "transit_ratio": 0.7048269970098249,
        "od_ratio": 0.2951730029901751,
        "total_flow": 2341,
        "function_type": "混合型"
      },
      {
        "gantry_code": "G000551005000620010",
        "transit_ratio": 0.6869983948635634,
        "od_ratio": 0.3130016051364366,
        "total_flow": 1869,
        "function_type": "混合型"
      },
      {
        "gantry_code": "G000551005000710010",
        "transit_ratio": 0.9892703862660944,
        "od_ratio": 0.01072961373390558,
        "total_flow": 466,
        "function_type": "通道型"
      },
      {
        "gantry_code": "G000551005000720010",
        "transit_ratio": 0.9979166666666667,
        "od_ratio": 0.0020833333333333333,
        "total_flow": 480,
        "function_type": "通道型"
      },
      {
        "gantry_code": "G000551005000810010",
        "transit_ratio": 0.9986338797814208,
        "od_ratio": 0.001366120218579235,
        "total_flow": 732,
        "function_type": "通道型"
      },
      {
        "gantry_code": "G000551005000820010",
        "transit_ratio": 1.0,
        "od_ratio": 0.0,
        "total_flow": 468,
        "function_type": "通道型"
      },
      {
        "gantry_code": "G000551005000910010",
        "transit_ratio": 0.9950310559006211,
        "od_ratio": 0.004968944099378882,
        "total_flow": 805,
        "function_type": "通道型"
      },
      {
        "gantry_code": "G000551005000920010",
        "transit_ratio": 1.0,
        "od_ratio": 0.0,
        "total_flow": 602,
        "function_type": "通道型"
      },
      {
        "gantry_code": "G000551005001010010",
        "transit_ratio": 0.9375650364203955,
        "od_ratio": 0.062434963579604576,
        "total_flow": 961,
        "function_type": "通道型"
      },
      {
        "gantry_code": "G000551005001020010",
        "transit_ratio": 0.9930747922437673,
        "od_ratio": 0.006925207756232687,
        "total_flow": 722,
        "function_type": "通道型"
      },
      {
        "gantry_code": "G000551005001110010",
        "transit_ratio": 1.0,
        "od_ratio": 0.0,
        "total_flow": 742,
        "function_type": "通道型"
      },
      {
        "gantry_code": "G000551005001120010",
        "transit_ratio": 1.0,
        "od_ratio": 0.0,
        "total_flow": 372,
        "function_type": "通道型"
      },
      {
        "gantry_code": "G000551005001210010",
        "transit_ratio": 0.9972602739726028,
        "od_ratio": 0.0027397260273972603,
        "total_flow": 730,
        "function_type": "通道型"
      },
      {
        "gantry_code": "G000551005001220010",
        "transit_ratio": 1.0,
        "od_ratio": 0.0,
        "total_flow": 354,
        "function_type": "通道型"
      },
      {
        "gantry_code": "G000551005001310010",
        "transit_ratio": 1.0,
        "od_ratio": 0.0,
        "total_flow": 689,
        "function_type": "通道型"
      },
      {
        "gantry_code": "G000551005001320010",
        "transit_ratio": 1.0,
        "od_ratio": 0.0,
        "total_flow": 305,
        "function_type": "通道型"
      },
      {
        "gantry_code": "G000551005001420010",
        "transit_ratio": 1.0,
        "od_ratio": 0.0,
        "total_flow": 316,
        "function_type": "通道型"
      },
      {
        "gantry_code": "G000551005001610010",
        "transit_ratio": 0.7570422535211268,
        "od_ratio": 0.24295774647887325,
        "total_flow": 1136,
        "function_type": "混合型"
      },
      {
        "gantry_code": "G000551005001710010",
        "transit_ratio": 0.9963302752293578,
        "od_ratio": 0.003669724770642202,
        "total_flow": 1090,
        "function_type": "通道型"
      },
      {
        "gantry_code": "G000551005001720010",
        "transit_ratio": 0.9892638036809815,
        "od_ratio": 0.010736196319018405,
        "total_flow": 652,
        "function_type": "通道型"
      },
      {
        "gantry_code": "G000551005001810010",
        "transit_ratio": 0.9989316239316239,
        "od_ratio": 0.0010683760683760685,
        "total_flow": 936,
        "function_type": "通道型"
      },
      {
        "gantry_code": "G000551005001820010",
        "transit_ratio": 0.9939393939393939,
        "od_ratio": 0.006060606060606061,
        "total_flow": 495,
        "function_type": "通道型"
      },
      {
        "gantry_code": "G000551005001910010",
        "transit_ratio": 0.99235807860262,
        "od_ratio": 0.007641921397379912,
        "total_flow": 916,
        "function_type": "通道型"
      },
      {
        "gantry_code": "G000551005001920010",
        "transit_ratio": 1.0,
        "od_ratio": 0.0,
        "total_flow": 427,
        "function_type": "通道型"
      },
      {
        "gantry_code": "G000551005002010010",
        "transit_ratio": 0.8713692946058091,
        "od_ratio": 0.12863070539419086,
        "total_flow": 964,
        "function_type": "通道型"
      },
      {
        "gantry_code": "G000551005002020010",
        "transit_ratio": 0.8686440677966102,
        "od_ratio": 0.13135593220338984,
        "total_flow": 472,
        "function_type": "通道型"
      },
      {
        "gantry_code": "G000551005003710010",
        "transit_ratio": 0.8894065718489456,
        "od_ratio": 0.11059342815105444,
        "total_flow": 4078,
        "function_type": "通道型"
      },
      {
        "gantry_code": "G000551006000110010",
        "transit_ratio": 0.7694174757281553,
        "od_ratio": 0.23058252427184467,
        "total_flow": 412,
        "function_type": "混合型"
      },
      {
        "gantry_code": "G000551006000120010",
        "transit_ratio": 0.7741228070175439,
        "od_ratio": 0.22587719298245615,
        "total_flow": 456,
        "function_type": "混合型"
      },
      {
        "gantry_code": "G000551006000210010",
        "transit_ratio": 0.9333333333333333,
        "od_ratio": 0.06666666666666667,
        "total_flow": 15,
        "function_type": "通道型"
      },
      {
        "gantry_code": "G000551006000220010",
        "transit_ratio": 0.9927272727272727,
        "od_ratio": 0.007272727272727273,
        "total_flow": 550,
        "function_type": "通道型"
      },
      {
        "gantry_code": "G000551006000310010",
        "transit_ratio": 0.7763496143958869,
        "od_ratio": 0.2236503856041131,
        "total_flow": 389,
        "function_type": "混合型"
      },
      {
        "gantry_code": "G000551006000320010",
        "transit_ratio": 0.9801324503311258,
        "od_ratio": 0.019867549668874173,
        "total_flow": 302,
        "function_type": "通道型"
      },
      {
        "gantry_code": "G000551006000410010",
        "transit_ratio": 0.981203007518797,
        "od_ratio": 0.018796992481203006,
        "total_flow": 266,
        "function_type": "通道型"
      },
      {
        "gantry_code": "G000551006000420010",
        "transit_ratio": 0.9928825622775801,
        "od_ratio": 0.0071174377224199285,
        "total_flow": 281,
        "function_type": "通道型"
      },
      {
        "gantry_code": "G000551006000510010",
        "transit_ratio": 0.9695817490494296,
        "od_ratio": 0.030418250950570342,
        "total_flow": 263,
        "function_type": "通道型"
      },
      {
        "gantry_code": "G000551006000520010",
        "transit_ratio": 0.9444444444444444,
        "od_ratio": 0.05555555555555555,
        "total_flow": 252,
        "function_type": "通道型"
      },
      {
        "gantry_code": "G000551006000610010",
        "transit_ratio": 0.8880597014925373,
        "od_ratio": 0.11194029850746269,
        "total_flow": 134,
        "function_type": "通道型"
      },
      {
        "gantry_code": "G000551006000620010",
        "transit_ratio": 0.9923076923076923,
        "od_ratio": 0.007692307692307693,
        "total_flow": 130,
        "function_type": "通道型"
      },
      {
        "gantry_code": "G000551006000710010",
        "transit_ratio": 0.9888888888888889,
        "od_ratio": 0.011111111111111112,
        "total_flow": 270,
        "function_type": "通道型"
      },
      {
        "gantry_code": "G000551006000720010",
        "transit_ratio": 0.9742268041237113,
        "od_ratio": 0.02577319587628866,
        "total_flow": 194,
        "function_type": "通道型"
      },
      {
        "gantry_code": "G000551006000820010",
        "transit_ratio": 0.9833333333333333,
        "od_ratio": 0.016666666666666666,
        "total_flow": 60,
        "function_type": "通道型"
      },
      {
        "gantry_code": "G000551006000910010",
        "transit_ratio": 0.993006993006993,
        "od_ratio": 0.006993006993006993,
        "total_flow": 143,
        "function_type": "通道型"
      },
      {
        "gantry_code": "G000551006001010010",
        "transit_ratio": 0.9621212121212122,
        "od_ratio": 0.03787878787878788,
        "total_flow": 132,
        "function_type": "通道型"
      },
      {
        "gantry_code": "G000551006001020010",
        "transit_ratio": 0.9921259842519685,
        "od_ratio": 0.007874015748031496,
        "total_flow": 127,
        "function_type": "通道型"
      },
      {
        "gantry_code": "G000551006001110010",
        "transit_ratio": 1.0,
        "od_ratio": 0.0,
        "total_flow": 128,
        "function_type": "通道型"
      },
      {
        "gantry_code": "G000551006001120010",
        "transit_ratio": 0.9926470588235294,
        "od_ratio": 0.007352941176470588,
        "total_flow": 136,
        "function_type": "通道型"
      },
      {
        "gantry_code": "G000551006001210010",
        "transit_ratio": 1.0,
        "od_ratio": 0.0,
        "total_flow": 127,
        "function_type": "通道型"
      },
      {
        "gantry_code": "G000551006001220010",
        "transit_ratio": 1.0,
        "od_ratio": 0.0,
        "total_flow": 166,
        "function_type": "通道型"
      },
      {
        "gantry_code": "G000551006001310010",
        "transit_ratio": 1.0,
        "od_ratio": 0.0,
        "total_flow": 250,
        "function_type": "通道型"
      },
      {
        "gantry_code": "G000551006001320010",
        "transit_ratio": 1.0,
        "od_ratio": 0.0,
        "total_flow": 323,
        "function_type": "通道型"
      },
      {
        "gantry_code": "G000551007000210010",
        "transit_ratio": 1.0,
        "od_ratio": 0.0,
        "total_flow": 564,
        "function_type": "通道型"
      },
      {
        "gantry_code": "G000551007000220010",
        "transit_ratio": 1.0,
        "od_ratio": 0.0,
        "total_flow": 632,
        "function_type": "通道型"
      },
      {
        "gantry_code": "G000551007000310010",
        "transit_ratio": 1.0,
        "od_ratio": 0.0,
        "total_flow": 565,
        "function_type": "通道型"
      },
      {
        "gantry_code": "G000551007000320010",
        "transit_ratio": 1.0,
        "od_ratio": 0.0,
        "total_flow": 639,
        "function_type": "通道型"
      },
      {
        "gantry_code": "G000551007000410010",
        "transit_ratio": 1.0,
        "od_ratio": 0.0,
        "total_flow": 744,
        "function_type": "通道型"
      },
      {
        "gantry_code": "G000551007000420010",
        "transit_ratio": 0.9979959919839679,
        "od_ratio": 0.002004008016032064,
        "total_flow": 998,
        "function_type": "通道型"
      },
      {
        "gantry_code": "G000551007000510010",
        "transit_ratio": 0.9905362776025236,
        "od_ratio": 0.00946372239747634,
        "total_flow": 634,
        "function_type": "通道型"
      },
      {
        "gantry_code": "G000551007000520010",
        "transit_ratio": 1.0,
        "od_ratio": 0.0,
        "total_flow": 873,
        "function_type": "通道型"
      },
      {
        "gantry_code": "G000551007000610010",
        "transit_ratio": 1.0,
        "od_ratio": 0.0,
        "total_flow": 589,
        "function_type": "通道型"
      },
      {
        "gantry_code": "G000551007000620010",
        "transit_ratio": 0.9978021978021978,
        "od_ratio": 0.002197802197802198,
        "total_flow": 455,
        "function_type": "通道型"
      },
      {
        "gantry_code": "G000551007000710010",
        "transit_ratio": 1.0,
        "od_ratio": 0.0,
        "total_flow": 1074,
        "function_type": "通道型"
      },
      {
        "gantry_code": "G000551007000720010",
        "transit_ratio": 1.0,
        "od_ratio": 0.0,
        "total_flow": 652,
        "function_type": "通道型"
      },
      {
        "gantry_code": "G000551008000110010",
        "transit_ratio": 1.0,
        "od_ratio": 0.0,
        "total_flow": 422,
        "function_type": "通道型"
      },
      {
        "gantry_code": "G000551008000120010",
        "transit_ratio": 1.0,
        "od_ratio": 0.0,
        "total_flow": 353,
        "function_type": "通道型"
      },
      {
        "gantry_code": "G000551008000210010",
        "transit_ratio": 1.0,
        "od_ratio": 0.0,
        "total_flow": 365,
        "function_type": "通道型"
      },
      {
        "gantry_code": "G000551008000220010",
        "transit_ratio": 0.9966216216216216,
        "od_ratio": 0.0033783783783783786,
        "total_flow": 296,
        "function_type": "通道型"
      },
      {
        "gantry_code": "G000551008000310010",
        "transit_ratio": 1.0,
        "od_ratio": 0.0,
        "total_flow": 335,
        "function_type": "通道型"
      },
      {
        "gantry_code": "G000551008000320010",
        "transit_ratio": 0.9951690821256038,
        "od_ratio": 0.004830917874396135,
        "total_flow": 207,
        "function_type": "通道型"
      },
      {
        "gantry_code": "G000551008000420010",
        "transit_ratio": 0.7832167832167832,
        "od_ratio": 0.21678321678321677,
        "total_flow": 143,
        "function_type": "混合型"
      },
      {
        "gantry_code": "G000551008002210010",
        "transit_ratio": 0.9856115107913669,
        "od_ratio": 0.014388489208633094,
        "total_flow": 278,
        "function_type": "通道型"
      },
      {
        "gantry_code": "G000551008002220010",
        "transit_ratio": 0.9710144927536232,
        "od_ratio": 0.028985507246376812,
        "total_flow": 207,
        "function_type": "通道型"
      },
      {
        "gantry_code": "G000551044000210010",
        "transit_ratio": 0.34955312810327704,
        "od_ratio": 0.6504468718967229,
        "total_flow": 1007,
        "function_type": "起止型"
      },
      {
        "gantry_code": "G000551044000220010",
        "transit_ratio": 0.7763496143958869,
        "od_ratio": 0.2236503856041131,
        "total_flow": 1167,
        "function_type": "混合型"
      },
      {
        "gantry_code": "G000551044000310010",
        "transit_ratio": 0.9706994328922496,
        "od_ratio": 0.02930056710775047,
        "total_flow": 1058,
        "function_type": "通道型"
      },
      {
        "gantry_code": "G000551044000320010",
        "transit_ratio": 0.9827715355805243,
        "od_ratio": 0.017228464419475654,
        "total_flow": 1335,
        "function_type": "通道型"
      },
      {
        "gantry_code": "G000551044000410010",
        "transit_ratio": 0.9919571045576407,
        "od_ratio": 0.00804289544235925,
        "total_flow": 1119,
        "function_type": "通道型"
      },
      {
        "gantry_code": "G000551044000420010",
        "transit_ratio": 0.9959723820483314,
        "od_ratio": 0.004027617951668585,
        "total_flow": 1738,
        "function_type": "通道型"
      },
      {
        "gantry_code": "G000551044000510010",
        "transit_ratio": 0.9962756052141527,
        "od_ratio": 0.0037243947858473,
        "total_flow": 1074,
        "function_type": "通道型"
      },
      {
        "gantry_code": "G000551044000520010",
        "transit_ratio": 0.9977814753189129,
        "od_ratio": 0.0022185246810870773,
        "total_flow": 1803,
        "function_type": "通道型"
      },
      {
        "gantry_code": "G000551044000610010",
        "transit_ratio": 0.9380993897122929,
        "od_ratio": 0.06190061028770706,
        "total_flow": 1147,
        "function_type": "通道型"
      },
      {
        "gantry_code": "G000551044000620010",
        "transit_ratio": 0.9402985074626866,
        "od_ratio": 0.05970149253731343,
        "total_flow": 1608,
        "function_type": "通道型"
      },
      {
        "gantry_code": "G000551044000710010",
        "transit_ratio": 0.9760225669957687,
        "od_ratio": 0.023977433004231313,
        "total_flow": 1418,
        "function_type": "通道型"
      },
      {
        "gantry_code": "G000551044000720010",
        "transit_ratio": 0.9821683309557775,
        "od_ratio": 0.01783166904422254,
        "total_flow": 1402,
        "function_type": "通道型"
      },
      {
        "gantry_code": "G000551044000810010",
        "transit_ratio": 0.9865470852017937,
        "od_ratio": 0.013452914798206279,
        "total_flow": 1561,
        "function_type": "通道型"
      },
      {
        "gantry_code": "G000551044000820010",
        "transit_ratio": 0.9648506151142355,
        "od_ratio": 0.0351493848857645,
        "total_flow": 1707,
        "function_type": "通道型"
      },
      {
        "gantry_code": "G000551044000910010",
        "transit_ratio": 0.8320180383314544,
        "od_ratio": 0.16798196166854565,
        "total_flow": 1774,
        "function_type": "通道型"
      },
      {
        "gantry_code": "G000551044000920010",
        "transit_ratio": 0.8293093767546322,
        "od_ratio": 0.17069062324536777,
        "total_flow": 1781,
        "function_type": "通道型"
      },
      {
        "gantry_code": "G000551044001010010",
        "transit_ratio": 0.7945339189848707,
        "od_ratio": 0.20546608101512934,
        "total_flow": 2049,
        "function_type": "混合型"
      },
      {
        "gantry_code": "G000551044001020010",
        "transit_ratio": 0.5737347294938918,
        "od_ratio": 0.4262652705061082,
        "total_flow": 2292,
        "function_type": "混合型"
      },
      {
        "gantry_code": "G000551044001110010",
        "transit_ratio": 0.7760770975056689,
        "od_ratio": 0.22392290249433106,
        "total_flow": 1764,
        "function_type": "混合型"
      },
      {
        "gantry_code": "G000551044001120010",
        "transit_ratio": 0.8839541547277937,
        "od_ratio": 0.11604584527220631,
        "total_flow": 2094,
        "function_type": "通道型"
      },
      {
        "gantry_code": "G000551044001210010",
        "transit_ratio": 0.993036750483559,
        "od_ratio": 0.006963249516441006,
        "total_flow": 2585,
        "function_type": "通道型"
      },
      {
        "gantry_code": "G000551044001220010",
        "transit_ratio": 0.9976190476190476,
        "od_ratio": 0.002380952380952381,
        "total_flow": 2520,
        "function_type": "通道型"
      },
      {
        "gantry_code": "G000551044001310010",
        "transit_ratio": 0.997356495468278,
        "od_ratio": 0.0026435045317220545,
        "total_flow": 2648,
        "function_type": "通道型"
      },
      {
        "gantry_code": "G000551044001320010",
        "transit_ratio": 0.99317738791423,
        "od_ratio": 0.00682261208576998,
        "total_flow": 3078,
        "function_type": "通道型"
      },
      {
        "gantry_code": "G000551044001420010",
        "transit_ratio": 0.8441649196366178,
        "od_ratio": 0.15583508036338226,
        "total_flow": 2862,
        "function_type": "通道型"
      },
      {
        "gantry_code": "G000551044002810010",
        "transit_ratio": 0.9540034071550255,
        "od_ratio": 0.04599659284497445,
        "total_flow": 1174,
        "function_type": "通道型"
      },
      {
        "gantry_code": "G000551044002820010",
        "transit_ratio": 0.9498025944726453,
        "od_ratio": 0.050197405527354765,
        "total_flow": 1773,
        "function_type": "通道型"
      },
      {
        "gantry_code": "G007651002001110010",
        "transit_ratio": 0.8,
        "od_ratio": 0.2,
        "total_flow": 5,
        "function_type": "混合型"
      },
      {
        "gantry_code": "G007651003000110010",
        "transit_ratio": 0.7903225806451613,
        "od_ratio": 0.20967741935483872,
        "total_flow": 186,
        "function_type": "混合型"
      },
      {
        "gantry_code": "G007651003000120010",
        "transit_ratio": 0.5725075528700906,
        "od_ratio": 0.42749244712990936,
        "total_flow": 662,
        "function_type": "混合型"
      },
      {
        "gantry_code": "G007651003000210010",
        "transit_ratio": 1.0,
        "od_ratio": 0.0,
        "total_flow": 470,
        "function_type": "通道型"
      },
      {
        "gantry_code": "G007651003000220010",
        "transit_ratio": 0.9961685823754789,
        "od_ratio": 0.0038314176245210726,
        "total_flow": 522,
        "function_type": "通道型"
      },
      {
        "gantry_code": "G007651003000310010",
        "transit_ratio": 0.9974937343358395,
        "od_ratio": 0.002506265664160401,
        "total_flow": 399,
        "function_type": "通道型"
      },
      {
        "gantry_code": "G007651003000320010",
        "transit_ratio": 1.0,
        "od_ratio": 0.0,
        "total_flow": 417,
        "function_type": "通道型"
      },
      {
        "gantry_code": "G007651003000410010",
        "transit_ratio": 0.9316455696202531,
        "od_ratio": 0.06835443037974684,
        "total_flow": 395,
        "function_type": "通道型"
      },
      {
        "gantry_code": "G007651003000420010",
        "transit_ratio": 0.9812646370023419,
        "od_ratio": 0.01873536299765808,
        "total_flow": 427,
        "function_type": "通道型"
      },
      {
        "gantry_code": "G007651003000510010",
        "transit_ratio": 0.8703296703296703,
        "od_ratio": 0.12967032967032968,
        "total_flow": 455,
        "function_type": "通道型"
      },
      {
        "gantry_code": "G007651003000520010",
        "transit_ratio": 0.9026717557251909,
        "od_ratio": 0.09732824427480916,
        "total_flow": 524,
        "function_type": "通道型"
      },
      {
        "gantry_code": "G007651003000610010",
        "transit_ratio": 0.9978448275862069,
        "od_ratio": 0.0021551724137931034,
        "total_flow": 464,
        "function_type": "通道型"
      },
      {
        "gantry_code": "G007651003000620010",
        "transit_ratio": 0.9337231968810916,
        "od_ratio": 0.06627680311890838,
        "total_flow": 513,
        "function_type": "通道型"
      },
      {
        "gantry_code": "G007651003000710010",
        "transit_ratio": 0.7301980198019802,
        "od_ratio": 0.2698019801980198,
        "total_flow": 404,
        "function_type": "混合型"
      },
      {
        "gantry_code": "G007651003000720010",
        "transit_ratio": 0.9022727272727272,
        "od_ratio": 0.09772727272727273,
        "total_flow": 440,
        "function_type": "通道型"
      },
      {
        "gantry_code": "G007651003000810010",
        "transit_ratio": 0.8064516129032258,
        "od_ratio": 0.1935483870967742,
        "total_flow": 248,
        "function_type": "通道型"
      },
      {
        "gantry_code": "G007651003000820010",
        "transit_ratio": 0.9244604316546763,
        "od_ratio": 0.07553956834532374,
        "total_flow": 278,
        "function_type": "通道型"
      },
      {
        "gantry_code": "G007651003001810010",
        "transit_ratio": 0.6283783783783784,
        "od_ratio": 0.3716216216216216,
        "total_flow": 148,
        "function_type": "混合型"
      },
      {
        "gantry_code": "G420151001000110010",
        "transit_ratio": 0.9930903025970932,
        "od_ratio": 0.006909697402906838,
        "total_flow": 4197,
        "function_type": "通道型"
      },
      {
        "gantry_code": "G420151001000120010",
        "transit_ratio": 0.99953509995351,
        "od_ratio": 0.00046490004649000463,
        "total_flow": 4302,
        "function_type": "通道型"
      },
      {
        "gantry_code": "G420151001000220010",
        "transit_ratio": 0.9457961936882678,
        "od_ratio": 0.05420380631173211,
        "total_flow": 4151,
        "function_type": "通道型"
      },
      {
        "gantry_code": "G420151001000410010",
        "transit_ratio": 0.859511963989576,
        "od_ratio": 0.14048803601042406,
        "total_flow": 4221,
        "function_type": "通道型"
      },
      {
        "gantry_code": "G420151001000510010",
        "transit_ratio": 0.911323625298848,
        "od_ratio": 0.08867637470115192,
        "total_flow": 4601,
        "function_type": "通道型"
      },
      {
        "gantry_code": "G420151001000520010",
        "transit_ratio": 0.8537777777777777,
        "od_ratio": 0.14622222222222223,
        "total_flow": 4500,
        "function_type": "通道型"
      },
      {
        "gantry_code": "G420151001000610010",
        "transit_ratio": 0.9586886993603412,
        "od_ratio": 0.04131130063965885,
        "total_flow": 3752,
        "function_type": "通道型"
      },
      {
        "gantry_code": "G420151001000620010",
        "transit_ratio": 0.9785418821096173,
        "od_ratio": 0.021458117890382628,
        "total_flow": 3868,
        "function_type": "通道型"
      },
      {
        "gantry_code": "G420151001000710010",
        "transit_ratio": 0.998992443324937,
        "od_ratio": 0.0010075566750629723,
        "total_flow": 3970,
        "function_type": "通道型"
      },
      {
        "gantry_code": "G420151001000720010",
        "transit_ratio": 0.999439304737875,
        "od_ratio": 0.000560695262125035,
        "total_flow": 3567,
        "function_type": "通道型"
      },
      {
        "gantry_code": "G420151001000810010",
        "transit_ratio": 0.9960750109027475,
        "od_ratio": 0.0039249890972525075,
        "total_flow": 4586,
        "function_type": "通道型"
      },
      {
        "gantry_code": "G420151001000820010",
        "transit_ratio": 0.9859583430844839,
        "od_ratio": 0.01404165691551603,
        "total_flow": 4273,
        "function_type": "通道型"
      },
      {
        "gantry_code": "G420151001000910010",
        "transit_ratio": 0.9723453288424039,
        "od_ratio": 0.02765467115759617,
        "total_flow": 5641,
        "function_type": "通道型"
      },
      {
        "gantry_code": "G420151001000920010",
        "transit_ratio": 0.9026785714285714,
        "od_ratio": 0.09732142857142857,
        "total_flow": 4480,
        "function_type": "通道型"
      },
      {
        "gantry_code": "G420151001001010010",
        "transit_ratio": 0.9472885855138415,
        "od_ratio": 0.052711414486158514,
        "total_flow": 5274,
        "function_type": "通道型"
      },
      {
        "gantry_code": "G420151001001020010",
        "transit_ratio": 0.9589468987059349,
        "od_ratio": 0.04105310129406515,
        "total_flow": 4482,
        "function_type": "通道型"
      },
      {
        "gantry_code": "G420151001001110010",
        "transit_ratio": 0.9993804213135068,
        "od_ratio": 0.0006195786864931846,
        "total_flow": 4842,
        "function_type": "通道型"
      },
      {
        "gantry_code": "G420151001001120010",
        "transit_ratio": 0.9979963570127505,
        "od_ratio": 0.0020036429872495446,
        "total_flow": 5490,
        "function_type": "通道型"
      },
      {
        "gantry_code": "G420151001001210010",
        "transit_ratio": 0.9604715672676838,
        "od_ratio": 0.03952843273231623,
        "total_flow": 5768,
        "function_type": "通道型"
      },
      {
        "gantry_code": "G420151001001220010",
        "transit_ratio": 0.9242636746143057,
        "od_ratio": 0.07573632538569425,
        "total_flow": 6417,
        "function_type": "通道型"
      },
      {
        "gantry_code": "G420151001001310010",
        "transit_ratio": 0.9823878763055499,
        "od_ratio": 0.017612123694450133,
        "total_flow": 4883,
        "function_type": "通道型"
      },
      {
        "gantry_code": "G420151001001320010",
        "transit_ratio": 0.9990830735375023,
        "od_ratio": 0.0009169264624977076,
        "total_flow": 5453,
        "function_type": "通道型"
      },
      {
        "gantry_code": "G420151001002910010",
        "transit_ratio": 0.9400236127508855,
        "od_ratio": 0.05997638724911452,
        "total_flow": 4235,
        "function_type": "通道型"
      },
      {
        "gantry_code": "G420151001002920010",
        "transit_ratio": 0.9067281492349613,
        "od_ratio": 0.09327185076503877,
        "total_flow": 4771,
        "function_type": "通道型"
      },
      {
        "gantry_code": "G420151002000110010",
        "transit_ratio": 0.9997331198291967,
        "od_ratio": 0.0002668801708033093,
        "total_flow": 3747,
        "function_type": "通道型"
      },
      {
        "gantry_code": "G420151002000120010",
        "transit_ratio": 0.9997924880680639,
        "od_ratio": 0.00020751193193608634,
        "total_flow": 4819,
        "function_type": "通道型"
      },
      {
        "gantry_code": "G420151002000210010",
        "transit_ratio": 0.9995174909529554,
        "od_ratio": 0.0004825090470446321,
        "total_flow": 4145,
        "function_type": "通道型"
      },
      {
        "gantry_code": "G420151002000220010",
        "transit_ratio": 1.0,
        "od_ratio": 0.0,
        "total_flow": 4559,
        "function_type": "通道型"
      },
      {
        "gantry_code": "G420151002000310010",
        "transit_ratio": 0.999482936918304,
        "od_ratio": 0.000517063081695967,
        "total_flow": 3868,
        "function_type": "通道型"
      },
      {
        "gantry_code": "G420151002000320010",
        "transit_ratio": 0.9989491382934006,
        "od_ratio": 0.0010508617065994115,
        "total_flow": 4758,
        "function_type": "通道型"
      },
      {
        "gantry_code": "G420151002000410010",
        "transit_ratio": 0.9879666769515582,
        "od_ratio": 0.01203332304844184,
        "total_flow": 3241,
        "function_type": "通道型"
      },
      {
        "gantry_code": "G420151002000420010",
        "transit_ratio": 0.9763227126571178,
        "od_ratio": 0.023677287342882197,
        "total_flow": 3421,
        "function_type": "通道型"
      },
      {
        "gantry_code": "G420151002000510010",
        "transit_ratio": 0.9132231404958677,
        "od_ratio": 0.08677685950413223,
        "total_flow": 4840,
        "function_type": "通道型"
      },
      {
        "gantry_code": "G420151002000520010",
        "transit_ratio": 0.9611054247697032,
        "od_ratio": 0.038894575230296824,
        "total_flow": 4885,
        "function_type": "通道型"
      },
      {
        "gantry_code": "G420151002000610010",
        "transit_ratio": 0.9623943035157988,
        "od_ratio": 0.03760569648420116,
        "total_flow": 4494,
        "function_type": "通道型"
      },
      {
        "gantry_code": "G420151002000620010",
        "transit_ratio": 0.9589476071671581,
        "od_ratio": 0.041052392832841914,
        "total_flow": 4409,
        "function_type": "通道型"
      },
      {
        "gantry_code": "G420151002000710010",
        "transit_ratio": 0.9533432392273403,
        "od_ratio": 0.04665676077265973,
        "total_flow": 3365,
        "function_type": "通道型"
      },
      {
        "gantry_code": "G420151002000720010",
        "transit_ratio": 0.9776871915897876,
        "od_ratio": 0.022312808410212402,
        "total_flow": 4661,
        "function_type": "通道型"
      },
      {
        "gantry_code": "G420151002000810010",
        "transit_ratio": 0.9640141915864167,
        "od_ratio": 0.03598580841358338,
        "total_flow": 3946,
        "function_type": "通道型"
      },
      {
        "gantry_code": "G420151002000820010",
        "transit_ratio": 0.9540042026616857,
        "od_ratio": 0.045995797338314263,
        "total_flow": 4283,
        "function_type": "通道型"
      },
      {
        "gantry_code": "G420151002000910010",
        "transit_ratio": 0.9155801104972375,
        "od_ratio": 0.08441988950276243,
        "total_flow": 4525,
        "function_type": "通道型"
      },
      {
        "gantry_code": "G420151002000920010",
        "transit_ratio": 0.9451586982723985,
        "od_ratio": 0.054841301727601446,
        "total_flow": 4978,
        "function_type": "通道型"
      },
      {
        "gantry_code": "G420151002001010010",
        "transit_ratio": 0.9995496509795091,
        "od_ratio": 0.00045034902049088043,
        "total_flow": 4441,
        "function_type": "通道型"
      },
      {
        "gantry_code": "G420151002001020010",
        "transit_ratio": 0.9997569275644141,
        "od_ratio": 0.00024307243558580456,
        "total_flow": 4114,
        "function_type": "通道型"
      },
      {
        "gantry_code": "S008151001000320010",
        "transit_ratio": 0.6530612244897959,
        "od_ratio": 0.3469387755102041,
        "total_flow": 98,
        "function_type": "混合型"
      },
      {
        "gantry_code": "S420251002000210010",
        "transit_ratio": 0.5709969788519638,
        "od_ratio": 0.42900302114803623,
        "total_flow": 662,
        "function_type": "混合型"
      },
      {
        "gantry_code": "S420251002000310010",
        "transit_ratio": 0.9908952959028832,
        "od_ratio": 0.009104704097116844,
        "total_flow": 659,
        "function_type": "通道型"
      },
      {
        "gantry_code": "S420251002000320010",
        "transit_ratio": 0.9947368421052631,
        "od_ratio": 0.005263157894736842,
        "total_flow": 760,
        "function_type": "通道型"
      },
      {
        "gantry_code": "S420251002000410010",
        "transit_ratio": 0.9940298507462687,
        "od_ratio": 0.005970149253731343,
        "total_flow": 670,
        "function_type": "通道型"
      },
      {
        "gantry_code": "S420251002000420010",
        "transit_ratio": 0.998769987699877,
        "od_ratio": 0.0012300123001230013,
        "total_flow": 813,
        "function_type": "通道型"
      },
      {
        "gantry_code": "S420251002000510010",
        "transit_ratio": 0.9853801169590644,
        "od_ratio": 0.014619883040935672,
        "total_flow": 684,
        "function_type": "通道型"
      },
      {
        "gantry_code": "S420251002000520010",
        "transit_ratio": 0.991130820399113,
        "od_ratio": 0.008869179600886918,
        "total_flow": 902,
        "function_type": "通道型"
      },
      {
        "gantry_code": "S420251002000620010",
        "transit_ratio": 0.8638743455497382,
        "od_ratio": 0.13612565445026178,
        "total_flow": 1146,
        "function_type": "通道型"
      },
      {
        "gantry_code": "S420251002000810010",
        "transit_ratio": 0.7782754759238522,
        "od_ratio": 0.22172452407614782,
        "total_flow": 893,
        "function_type": "混合型"
      },
      {
        "gantry_code": "S420251002000910010",
        "transit_ratio": 0.997364953886693,
        "od_ratio": 0.002635046113306983,
        "total_flow": 759,
        "function_type": "通道型"
      },
      {
        "gantry_code": "S420251002000920010",
        "transit_ratio": 0.9947368421052631,
        "od_ratio": 0.005263157894736842,
        "total_flow": 1520,
        "function_type": "通道型"
      },
      {
        "gantry_code": "S420251002001010010",
        "transit_ratio": 0.9987029831387808,
        "od_ratio": 0.0012970168612191958,
        "total_flow": 771,
        "function_type": "通道型"
      },
      {
        "gantry_code": "S420251002001020010",
        "transit_ratio": 0.9960732984293194,
        "od_ratio": 0.003926701570680628,
        "total_flow": 1528,
        "function_type": "通道型"
      },
      {
        "gantry_code": "S420251002001120010",
        "transit_ratio": 0.8498694516971279,
        "od_ratio": 0.15013054830287206,
        "total_flow": 1532,
        "function_type": "通道型"
      },
      {
        "gantry_code": "S420251002001310010",
        "transit_ratio": 0.7545671167593329,
        "od_ratio": 0.2454328832406672,
        "total_flow": 1259,
        "function_type": "混合型"
      },
      {
        "gantry_code": "S420251002001410010",
        "transit_ratio": 0.9910269192422732,
        "od_ratio": 0.00897308075772682,
        "total_flow": 1003,
        "function_type": "通道型"
      },
      {
        "gantry_code": "S420251002001420010",
        "transit_ratio": 0.9917241379310345,
        "od_ratio": 0.008275862068965517,
        "total_flow": 1450,
        "function_type": "通道型"
      },
      {
        "gantry_code": "S420251002001520010",
        "transit_ratio": 0.8414634146341463,
        "od_ratio": 0.15853658536585366,
        "total_flow": 1476,
        "function_type": "通道型"
      },
      {
        "gantry_code": "S420251002001710010",
        "transit_ratio": 0.8407851690294439,
        "od_ratio": 0.15921483097055616,
        "total_flow": 917,
        "function_type": "通道型"
      },
      {
        "gantry_code": "S420251002001810010",
        "transit_ratio": 0.9902439024390244,
        "od_ratio": 0.00975609756097561,
        "total_flow": 1025,
        "function_type": "通道型"
      },
      {
        "gantry_code": "S420251002001820010",
        "transit_ratio": 0.9864306784660767,
        "od_ratio": 0.013569321533923304,
        "total_flow": 1695,
        "function_type": "通道型"
      },
      {
        "gantry_code": "S420251002001910010",
        "transit_ratio": 0.8470380194518126,
        "od_ratio": 0.15296198054818744,
        "total_flow": 1131,
        "function_type": "通道型"
      },
      {
        "gantry_code": "S420251002001920010",
        "transit_ratio": 0.6436781609195402,
        "od_ratio": 0.3563218390804598,
        "total_flow": 1740,
        "function_type": "混合型"
      },
      {
        "gantry_code": "S420251002002010010",
        "transit_ratio": 0.6855733662145499,
        "od_ratio": 0.31442663378545005,
        "total_flow": 811,
        "function_type": "混合型"
      },
      {
        "gantry_code": "S420251002002020010",
        "transit_ratio": 0.8621951219512195,
        "od_ratio": 0.1378048780487805,
        "total_flow": 820,
        "function_type": "通道型"
      },
      {
        "gantry_code": "S420251002002120010",
        "transit_ratio": 0.40554821664464996,
        "od_ratio": 0.5944517833553501,
        "total_flow": 757,
        "function_type": "起止型"
      }
    ]
  }
}