{
  "analysis_type": "exit",
  "median_ratio": 0.29347826086956524,
  "total_cases": 135,
  "median_range_cases": 26,
  "sample_cases": [
    {
      "square_code": "G00055100501202010",
      "date": "2025-07-07",
      "hour": 8,
      "od_count": 113,
      "flow_total": 366,
      "od_flow_ratio": 0.3087431693989071,
      "od_vehicle_types": {
        "k1": 110,
        "h1": 2,
        "k4": 1
      },
      "flow_breakdown": {
        "total_k": "340",
        "total_h": "26",
        "total_t": "0"
      }
    },
    {
      "square_code": "G42015100100702020",
      "date": "2025-07-07",
      "hour": 8,
      "od_count": 3,
      "flow_total": 10,
      "od_flow_ratio": 0.3,
      "od_vehicle_types": {
        "k1": 3
      },
      "flow_breakdown": {
        "total_k": "8",
        "total_h": "1",
        "total_t": "1"
      }
    },
    {
      "square_code": "G00055100200302010",
      "date": "2025-07-07",
      "hour": 8,
      "od_count": 56,
      "flow_total": 185,
      "od_flow_ratio": 0.3027027027027027,
      "od_vehicle_types": {
        "k1": 45,
        "h3": 4,
        "k3": 3,
        "k2": 1,
        "h2": 1,
        "h1": 1,
        "k4": 1
      },
      "flow_breakdown": {
        "total_k": "120",
        "total_h": "63",
        "total_t": "2"
      }
    },
    {
      "square_code": "S42025100201001010",
      "date": "2025-07-07",
      "hour": 8,
      "od_count": 8,
      "flow_total": 26,
      "od_flow_ratio": 0.3076923076923077,
      "od_vehicle_types": {
        "k1": 8
      },
      "flow_breakdown": {
        "total_k": "26",
        "total_h": "0",
        "total_t": "0"
      }
    },
    {
      "square_code": "G00055104401002020",
      "date": "2025-07-07",
      "hour": 8,
      "od_count": 101,
      "flow_total": 348,
      "od_flow_ratio": 0.29022988505747127,
      "od_vehicle_types": {
        "k1": 95,
        "h1": 4,
        "k3": 1,
        "h2": 1
      },
      "flow_breakdown": {
        "total_k": "300",
        "total_h": "48",
        "total_t": "0"
      }
    },
    {
      "square_code": "G00055100600502010",
      "date": "2025-07-07",
      "hour": 8,
      "od_count": 40,
      "flow_total": 126,
      "od_flow_ratio": 0.31746031746031744,
      "od_vehicle_types": {
        "k1": 37,
        "h1": 2,
        "h2": 1
      },
      "flow_breakdown": {
        "total_k": "94",
        "total_h": "31",
        "total_t": "1"
      }
    },
    {
      "square_code": "G42015100100102010",
      "date": "2025-07-07",
      "hour": 8,
      "od_count": 544,
      "flow_total": 1947,
      "od_flow_ratio": 0.2794042116076014,
      "od_vehicle_types": {
        "k1": 526,
        "h1": 16,
        "h4": 1,
        "t1": 1
      },
      "flow_breakdown": {
        "total_k": "1890",
        "total_h": "55",
        "total_t": "2"
      }
    },
    {
      "square_code": "G00055100300404020",
      "date": "2025-07-07",
      "hour": 8,
      "od_count": 27,
      "flow_total": 92,
      "od_flow_ratio": 0.29347826086956524,
      "od_vehicle_types": {
        "k1": 20,
        "h3": 4,
        "h2": 1,
        "h6": 1,
        "h1": 1
      },
      "flow_breakdown": {
        "total_k": "67",
        "total_h": "25",
        "total_t": "0"
      }
    },
    {
      "square_code": "S42025100200902010",
      "date": "2025-07-07",
      "hour": 8,
      "od_count": 67,
      "flow_total": 244,
      "od_flow_ratio": 0.27459016393442626,
      "od_vehicle_types": {
        "k1": 54,
        "h1": 10,
        "k4": 2,
        "h4": 1
      },
      "flow_breakdown": {
        "total_k": "209",
        "total_h": "35",
        "total_t": "0"
      }
    },
    {
      "square_code": "G00055100500402010",
      "date": "2025-07-07",
      "hour": 8,
      "od_count": 245,
      "flow_total": 769,
      "od_flow_ratio": 0.31859557867360205,
      "od_vehicle_types": {
        "k1": 202,
        "h1": 22,
        "h3": 7,
        "k3": 3,
        "k4": 3,
        "h2": 3,
        "k2": 3,
        "h4": 1,
        "t2": 1
      },
      "flow_breakdown": {
        "total_k": "644",
        "total_h": "124",
        "total_t": "1"
      }
    }
  ],
  "ratio_distribution": {
    "min": 0.01818181818181818,
    "q25": 0.20966420966420968,
    "median": 0.29347826086956524,
    "q75": 0.3904900340911468,
    "max": 0.794,
    "std": 0.16005965445366505
  }
}